Input File Name,Input File Size (MB),Output File Size (MB)
5k.pdf,16.3,File not found
Constitution of Bangladesh 70 Page.pdf,1.06,File not found
Survey 13 Page (1)Survey 13 Page (1)Survey 13 Page (1)Survey 13 Page (1)Survey 13 Page (1)Survey 13 Page (1)Survey 13 Page (1)Survey 13 Page (1)Survey 13 Page (1).pdf,0.1,File not found
Colorful Survey Report 31 Page.pdf,5.17,File not found
Experimental.pdf,0.92,File not found
Frankenstein 277 Page.pdf,0.89,File not found
Theis Paper 8 Page.pdf,0.08,File not found
Copy of 5. Attendance Sheet month of May- 2023.xlsx - Google Sheets (1).pdf,0.08,File not found
Summary Report 49 Page-protected.pdf,0.12,File not found
Copy of JoyBangla.pdf,0.36,File not found
Bullet Point List.pdf,0.1,File not found
malibag.pdf,0.59,File not found
15-MB-docx-file-download.pdf,2.59,File not found
iOS-QA Workflow.pdf,0.13,File not found
Summary Report 49 Page.pdf,0.13,File not found
Physics Assignment 7 Page.pdf,1.91,File not found
Book 172 Page.pdf,1.21,File not found
file_example_XLSX_1000.pdf,0.69,File not found
Citroën 2011  Manual.pdf,6.34,File not found
Apple_s Human Interface Guidelines.pdf,1.33,File not found
App_Store_Review_Guidelines_maintopic.pdf,0.19,File not found
The Daily Star.pdf,3.31,File not found
Thesis Paper 159 Page.pdf,1.05,File not found
Copy of TOOTV-BB-2017.pdf,13.59,File not found
Physics Book 850 page.pdf,19.28,File not found
Survey 13 Page.pdf,0.1,File not found
Thesis Paper 60 Page.pdf,0.74,File not found
200MB PDF File.pdf,256.58,File not found
QA Reasearch Thesis Paper 10 Page.pdf,0.42,File not found
Resorts List.pdf,0.02,File not found
Dracula 353 Page.pdf,0.95,File not found
The-Great-Gatsby 193 Page.pdf,0.73,File not found
Citroen C4 2008.pdf,7.14,File not found
